municipality_id,municipality,electoral_zone,office_code,office,candidate_id,candidate_votes_zone,candidate_valid_votes_zone,year,state,candidate_number,candidate_name,ballot_name,party
61280,BERTIOGA,272,7,Deputado Estadual,250002536889,9,9,2026,SP,80000,JULIA CRISTINA RODRIGUES DA SILVA,JULIA CACHOS,UP
63711,CUBATÃO,119,7,Deputado Estadual,250002536889,6,6,2026,SP,80000,JULIA CRISTINA RODRIGUES DA SILVA,JULIA CACHOS,UP
64750,GUARUJÁ,212,7,Deputado Estadual,250002536889,14,14,2026,SP,80000,JULIA CRISTINA RODRIGUES DA SILVA,JULIA CACHOS,UP
64750,GUARUJÁ,310,7,Deputado Estadual,250002536889,11,11,2026,SP,80000,JULIA CRISTINA RODRIGUES DA SILVA,JULIA CACHOS,UP
65439,ITANHAÉM,189,7,Deputado Estadual,250002536889,16,16,2026,SP,80000,JULIA CRISTINA RODRIGUES DA SILVA,JULIA CACHOS,UP
67237,MONGAGUÁ,189,7,Deputado Estadual,250002536889,14,14,2026,SP,80000,JULIA CRISTINA RODRIGUES DA SILVA,JULIA CACHOS,UP
68535,PERUÍBE,295,7,Deputado Estadual,250002536889,12,12,2026,SP,80000,JULIA CRISTINA RODRIGUES DA SILVA,JULIA CACHOS,UP
69213,PRAIA GRANDE,317,7,Deputado Estadual,250002536889,49,49,2026,SP,80000,JULIA CRISTINA RODRIGUES DA SILVA,JULIA CACHOS,UP
69213,PRAIA GRANDE,406,7,Deputado Estadual,250002536889,46,46,2026,SP,80000,JULIA CRISTINA RODRIGUES DA SILVA,JULIA CACHOS,UP
70718,SANTOS,118,7,Deputado Estadual,250002536889,37,37,2026,SP,80000,JULIA CRISTINA RODRIGUES DA SILVA,JULIA CACHOS,UP
70718,SANTOS,272,7,Deputado Estadual,250002536889,32,32,2026,SP,80000,JULIA CRISTINA RODRIGUES DA SILVA,JULIA CACHOS,UP
70718,SANTOS,273,7,Deputado Estadual,250002536889,39,39,2026,SP,80000,JULIA CRISTINA RODRIGUES DA SILVA,JULIA CACHOS,UP
71218,SÃO VICENTE,177,7,Deputado Estadual,250002536889,13,13,2026,SP,80000,JULIA CRISTINA RODRIGUES DA SILVA,JULIA CACHOS,UP
71218,SÃO VICENTE,340,7,Deputado Estadual,250002536889,21,21,2026,SP,80000,JULIA CRISTINA RODRIGUES DA SILVA,JULIA CACHOS,UP
61280,BERTIOGA,272,7,Deputado Estadual,250002552506,3,3,2026,SP,80123,LUCAS SANTOS DO NASCIMENTO,LUCAS DA FRENTE OPERÁRIA,UP
63711,CUBATÃO,119,7,Deputado Estadual,250002552506,6,6,2026,SP,80123,LUCAS SANTOS DO NASCIMENTO,LUCAS DA FRENTE OPERÁRIA,UP
64750,GUARUJÁ,212,7,Deputado Estadual,250002552506,9,9,2026,SP,80123,LUCAS SANTOS DO NASCIMENTO,LUCAS DA FRENTE OPERÁRIA,UP
64750,GUARUJÁ,310,7,Deputado Estadual,250002552506,2,2,2026,SP,80123,LUCAS SANTOS DO NASCIMENTO,LUCAS DA FRENTE OPERÁRIA,UP
65439,ITANHAÉM,189,7,Deputado Estadual,250002552506,3,3,2026,SP,80123,LUCAS SANTOS DO NASCIMENTO,LUCAS DA FRENTE OPERÁRIA,UP
67237,MONGAGUÁ,189,7,Deputado Estadual,250002552506,1,1,2026,SP,80123,LUCAS SANTOS DO NASCIMENTO,LUCAS DA FRENTE OPERÁRIA,UP
68535,PERUÍBE,295,7,Deputado Estadual,250002552506,2,2,2026,SP,80123,LUCAS SANTOS DO NASCIMENTO,LUCAS DA FRENTE OPERÁRIA,UP
69213,PRAIA GRANDE,317,7,Deputado Estadual,250002552506,14,14,2026,SP,80123,LUCAS SANTOS DO NASCIMENTO,LUCAS DA FRENTE OPERÁRIA,UP
69213,PRAIA GRANDE,406,7,Deputado Estadual,250002552506,18,18,2026,SP,80123,LUCAS SANTOS DO NASCIMENTO,LUCAS DA FRENTE OPERÁRIA,UP
70718,SANTOS,118,7,Deputado Estadual,250002552506,22,22,2026,SP,80123,LUCAS SANTOS DO NASCIMENTO,LUCAS DA FRENTE OPERÁRIA,UP
70718,SANTOS,272,7,Deputado Estadual,250002552506,12,12,2026,SP,80123,LUCAS SANTOS DO NASCIMENTO,LUCAS DA FRENTE OPERÁRIA,UP
70718,SANTOS,273,7,Deputado Estadual,250002552506,13,13,2026,SP,80123,LUCAS SANTOS DO NASCIMENTO,LUCAS DA FRENTE OPERÁRIA,UP
71218,SÃO VICENTE,177,7,Deputado Estadual,250002552506,6,6,2026,SP,80123,LUCAS SANTOS DO NASCIMENTO,LUCAS DA FRENTE OPERÁRIA,UP
71218,SÃO VICENTE,340,7,Deputado Estadual,250002552506,10,10,2026,SP,80123,LUCAS SANTOS DO NASCIMENTO,LUCAS DA FRENTE OPERÁRIA,UP
61280,BERTIOGA,272,6,Deputado Federal,250002547831,0,0,2026,SP,8008,KARLA APARECIDA ALBUQUERQUE DOS SANTOS,KARLA ALBUQUERQUE,UP
63711,CUBATÃO,119,6,Deputado Federal,250002547831,2,2,2026,SP,8008,KARLA APARECIDA ALBUQUERQUE DOS SANTOS,KARLA ALBUQUERQUE,UP
64750,GUARUJÁ,212,6,Deputado Federal,250002547831,2,2,2026,SP,8008,KARLA APARECIDA ALBUQUERQUE DOS SANTOS,KARLA ALBUQUERQUE,UP
64750,GUARUJÁ,310,6,Deputado Federal,250002547831,0,0,2026,SP,8008,KARLA APARECIDA ALBUQUERQUE DOS SANTOS,KARLA ALBUQUERQUE,UP
65439,ITANHAÉM,189,6,Deputado Federal,250002547831,3,3,2026,SP,8008,KARLA APARECIDA ALBUQUERQUE DOS SANTOS,KARLA ALBUQUERQUE,UP
67237,MONGAGUÁ,189,6,Deputado Federal,250002547831,2,2,2026,SP,8008,KARLA APARECIDA ALBUQUERQUE DOS SANTOS,KARLA ALBUQUERQUE,UP
68535,PERUÍBE,295,6,Deputado Federal,250002547831,0,0,2026,SP,8008,KARLA APARECIDA ALBUQUERQUE DOS SANTOS,KARLA ALBUQUERQUE,UP
69213,PRAIA GRANDE,317,6,Deputado Federal,250002547831,0,0,2026,SP,8008,KARLA APARECIDA ALBUQUERQUE DOS SANTOS,KARLA ALBUQUERQUE,UP
69213,PRAIA GRANDE,406,6,Deputado Federal,250002547831,0,0,2026,SP,8008,KARLA APARECIDA ALBUQUERQUE DOS SANTOS,KARLA ALBUQUERQUE,UP
70718,SANTOS,118,6,Deputado Federal,250002547831,0,0,2026,SP,8008,KARLA APARECIDA ALBUQUERQUE DOS SANTOS,KARLA ALBUQUERQUE,UP
70718,SANTOS,272,6,Deputado Federal,250002547831,7,7,2026,SP,8008,KARLA APARECIDA ALBUQUERQUE DOS SANTOS,KARLA ALBUQUERQUE,UP
70718,SANTOS,273,6,Deputado Federal,250002547831,3,3,2026,SP,8008,KARLA APARECIDA ALBUQUERQUE DOS SANTOS,KARLA ALBUQUERQUE,UP
71218,SÃO VICENTE,177,6,Deputado Federal,250002547831,0,0,2026,SP,8008,KARLA APARECIDA ALBUQUERQUE DOS SANTOS,KARLA ALBUQUERQUE,UP
71218,SÃO VICENTE,340,6,Deputado Federal,250002547831,2,2,2026,SP,8008,KARLA APARECIDA ALBUQUERQUE DOS SANTOS,KARLA ALBUQUERQUE,UP
61280,BERTIOGA,272,6,Deputado Federal,250002547832,0,0,2026,SP,8001,MATHEUS MORAIS CANDIDO,MATHEUS MORAIS,UP
63711,CUBATÃO,119,6,Deputado Federal,250002547832,1,1,2026,SP,8001,MATHEUS MORAIS CANDIDO,MATHEUS MORAIS,UP
64750,GUARUJÁ,212,6,Deputado Federal,250002547832,0,0,2026,SP,8001,MATHEUS MORAIS CANDIDO,MATHEUS MORAIS,UP
64750,GUARUJÁ,310,6,Deputado Federal,250002547832,0,0,2026,SP,8001,MATHEUS MORAIS CANDIDO,MATHEUS MORAIS,UP
65439,ITANHAÉM,189,6,Deputado Federal,250002547832,0,0,2026,SP,8001,MATHEUS MORAIS CANDIDO,MATHEUS MORAIS,UP
67237,MONGAGUÁ,189,6,Deputado Federal,250002547832,0,0,2026,SP,8001,MATHEUS MORAIS CANDIDO,MATHEUS MORAIS,UP
68535,PERUÍBE,295,6,Deputado Federal,250002547832,0,0,2026,SP,8001,MATHEUS MORAIS CANDIDO,MATHEUS MORAIS,UP
69213,PRAIA GRANDE,317,6,Deputado Federal,250002547832,0,0,2026,SP,8001,MATHEUS MORAIS CANDIDO,MATHEUS MORAIS,UP
69213,PRAIA GRANDE,406,6,Deputado Federal,250002547832,1,1,2026,SP,8001,MATHEUS MORAIS CANDIDO,MATHEUS MORAIS,UP
70718,SANTOS,118,6,Deputado Federal,250002547832,1,1,2026,SP,8001,MATHEUS MORAIS CANDIDO,MATHEUS MORAIS,UP
70718,SANTOS,272,6,Deputado Federal,250002547832,0,0,2026,SP,8001,MATHEUS MORAIS CANDIDO,MATHEUS MORAIS,UP
70718,SANTOS,273,6,Deputado Federal,250002547832,0,0,2026,SP,8001,MATHEUS MORAIS CANDIDO,MATHEUS MORAIS,UP
71218,SÃO VICENTE,177,6,Deputado Federal,250002547832,0,0,2026,SP,8001,MATHEUS MORAIS CANDIDO,MATHEUS MORAIS,UP
71218,SÃO VICENTE,340,6,Deputado Federal,250002547832,1,1,2026,SP,8001,MATHEUS MORAIS CANDIDO,MATHEUS MORAIS,UP
61280,BERTIOGA,272,6,Deputado Federal,250002547833,3,3,2026,SP,8010,THAIS GASPARINI,THAIS GASPARINI,UP
63711,CUBATÃO,119,6,Deputado Federal,250002547833,3,3,2026,SP,8010,THAIS GASPARINI,THAIS GASPARINI,UP
64750,GUARUJÁ,212,6,Deputado Federal,250002547833,7,7,2026,SP,8010,THAIS GASPARINI,THAIS GASPARINI,UP
64750,GUARUJÁ,310,6,Deputado Federal,250002547833,8,8,2026,SP,8010,THAIS GASPARINI,THAIS GASPARINI,UP
65439,ITANHAÉM,189,6,Deputado Federal,250002547833,10,10,2026,SP,8010,THAIS GASPARINI,THAIS GASPARINI,UP
67237,MONGAGUÁ,189,6,Deputado Federal,250002547833,4,4,2026,SP,8010,THAIS GASPARINI,THAIS GASPARINI,UP
68535,PERUÍBE,295,6,Deputado Federal,250002547833,4,4,2026,SP,8010,THAIS GASPARINI,THAIS GASPARINI,UP
69213,PRAIA GRANDE,317,6,Deputado Federal,250002547833,32,32,2026,SP,8010,THAIS GASPARINI,THAIS GASPARINI,UP
69213,PRAIA GRANDE,406,6,Deputado Federal,250002547833,25,25,2026,SP,8010,THAIS GASPARINI,THAIS GASPARINI,UP
70718,SANTOS,118,6,Deputado Federal,250002547833,28,28,2026,SP,8010,THAIS GASPARINI,THAIS GASPARINI,UP
70718,SANTOS,272,6,Deputado Federal,250002547833,16,16,2026,SP,8010,THAIS GASPARINI,THAIS GASPARINI,UP
70718,SANTOS,273,6,Deputado Federal,250002547833,14,14,2026,SP,8010,THAIS GASPARINI,THAIS GASPARINI,UP
71218,SÃO VICENTE,177,6,Deputado Federal,250002547833,10,10,2026,SP,8010,THAIS GASPARINI,THAIS GASPARINI,UP
71218,SÃO VICENTE,340,6,Deputado Federal,250002547833,19,19,2026,SP,8010,THAIS GASPARINI,THAIS GASPARINI,UP
61280,BERTIOGA,272,6,Deputado Federal,250002547834,1,1,2026,SP,8000,RICARDO SENESE,RICARDO SENESE,UP
63711,CUBATÃO,119,6,Deputado Federal,250002547834,2,2,2026,SP,8000,RICARDO SENESE,RICARDO SENESE,UP
64750,GUARUJÁ,212,6,Deputado Federal,250002547834,3,3,2026,SP,8000,RICARDO SENESE,RICARDO SENESE,UP
64750,GUARUJÁ,310,6,Deputado Federal,250002547834,3,3,2026,SP,8000,RICARDO SENESE,RICARDO SENESE,UP
65439,ITANHAÉM,189,6,Deputado Federal,250002547834,3,3,2026,SP,8000,RICARDO SENESE,RICARDO SENESE,UP
67237,MONGAGUÁ,189,6,Deputado Federal,250002547834,2,2,2026,SP,8000,RICARDO SENESE,RICARDO SENESE,UP
68535,PERUÍBE,295,6,Deputado Federal,250002547834,4,4,2026,SP,8000,RICARDO SENESE,RICARDO SENESE,UP
69213,PRAIA GRANDE,317,6,Deputado Federal,250002547834,4,4,2026,SP,8000,RICARDO SENESE,RICARDO SENESE,UP
69213,PRAIA GRANDE,406,6,Deputado Federal,250002547834,13,13,2026,SP,8000,RICARDO SENESE,RICARDO SENESE,UP
70718,SANTOS,118,6,Deputado Federal,250002547834,5,5,2026,SP,8000,RICARDO SENESE,RICARDO SENESE,UP
70718,SANTOS,272,6,Deputado Federal,250002547834,9,9,2026,SP,8000,RICARDO SENESE,RICARDO SENESE,UP
70718,SANTOS,273,6,Deputado Federal,250002547834,14,14,2026,SP,8000,RICARDO SENESE,RICARDO SENESE,UP
71218,SÃO VICENTE,177,6,Deputado Federal,250002547834,11,11,2026,SP,8000,RICARDO SENESE,RICARDO SENESE,UP
71218,SÃO VICENTE,340,6,Deputado Federal,250002547834,8,8,2026,SP,8000,RICARDO SENESE,RICARDO SENESE,UP
61280,BERTIOGA,272,6,Deputado Federal,250002547835,5,5,2026,SP,8080,DANIELLY MILENA OLIVEIRA DOS SANTOS,DANY OLIVEIRA,UP
63711,CUBATÃO,119,6,Deputado Federal,250002547835,5,5,2026,SP,8080,DANIELLY MILENA OLIVEIRA DOS SANTOS,DANY OLIVEIRA,UP
64750,GUARUJÁ,212,6,Deputado Federal,250002547835,4,4,2026,SP,8080,DANIELLY MILENA OLIVEIRA DOS SANTOS,DANY OLIVEIRA,UP
64750,GUARUJÁ,310,6,Deputado Federal,250002547835,6,6,2026,SP,8080,DANIELLY MILENA OLIVEIRA DOS SANTOS,DANY OLIVEIRA,UP
65439,ITANHAÉM,189,6,Deputado Federal,250002547835,4,4,2026,SP,8080,DANIELLY MILENA OLIVEIRA DOS SANTOS,DANY OLIVEIRA,UP
67237,MONGAGUÁ,189,6,Deputado Federal,250002547835,6,6,2026,SP,8080,DANIELLY MILENA OLIVEIRA DOS SANTOS,DANY OLIVEIRA,UP
68535,PERUÍBE,295,6,Deputado Federal,250002547835,1,1,2026,SP,8080,DANIELLY MILENA OLIVEIRA DOS SANTOS,DANY OLIVEIRA,UP
69213,PRAIA GRANDE,317,6,Deputado Federal,250002547835,12,12,2026,SP,8080,DANIELLY MILENA OLIVEIRA DOS SANTOS,DANY OLIVEIRA,UP
69213,PRAIA GRANDE,406,6,Deputado Federal,250002547835,13,13,2026,SP,8080,DANIELLY MILENA OLIVEIRA DOS SANTOS,DANY OLIVEIRA,UP
70718,SANTOS,118,6,Deputado Federal,250002547835,12,12,2026,SP,8080,DANIELLY MILENA OLIVEIRA DOS SANTOS,DANY OLIVEIRA,UP
70718,SANTOS,272,6,Deputado Federal,250002547835,9,9,2026,SP,8080,DANIELLY MILENA OLIVEIRA DOS SANTOS,DANY OLIVEIRA,UP
70718,SANTOS,273,6,Deputado Federal,250002547835,16,16,2026,SP,8080,DANIELLY MILENA OLIVEIRA DOS SANTOS,DANY OLIVEIRA,UP
71218,SÃO VICENTE,177,6,Deputado Federal,250002547835,4,4,2026,SP,8080,DANIELLY MILENA OLIVEIRA DOS SANTOS,DANY OLIVEIRA,UP
71218,SÃO VICENTE,340,6,Deputado Federal,250002547835,10,10,2026,SP,8080,DANIELLY MILENA OLIVEIRA DOS SANTOS,DANY OLIVEIRA,UP
61280,BERTIOGA,272,3,Governador,250002544912,102,102,2026,SP,80,VIVIAN MENDES DA SILVA,VIVIAN MENDES,UP
63711,CUBATÃO,119,3,Governador,250002544912,217,217,2026,SP,80,VIVIAN MENDES DA SILVA,VIVIAN MENDES,UP
64750,GUARUJÁ,212,3,Governador,250002544912,268,268,2026,SP,80,VIVIAN MENDES DA SILVA,VIVIAN MENDES,UP
64750,GUARUJÁ,310,3,Governador,250002544912,280,280,2026,SP,80,VIVIAN MENDES DA SILVA,VIVIAN MENDES,UP
65439,ITANHAÉM,189,3,Governador,250002544912,185,185,2026,SP,80,VIVIAN MENDES DA SILVA,VIVIAN MENDES,UP
67237,MONGAGUÁ,189,3,Governador,250002544912,126,126,2026,SP,80,VIVIAN MENDES DA SILVA,VIVIAN MENDES,UP
68535,PERUÍBE,295,3,Governador,250002544912,142,142,2026,SP,80,VIVIAN MENDES DA SILVA,VIVIAN MENDES,UP
69213,PRAIA GRANDE,317,3,Governador,250002544912,293,293,2026,SP,80,VIVIAN MENDES DA SILVA,VIVIAN MENDES,UP
69213,PRAIA GRANDE,406,3,Governador,250002544912,344,344,2026,SP,80,VIVIAN MENDES DA SILVA,VIVIAN MENDES,UP
70718,SANTOS,118,3,Governador,250002544912,361,361,2026,SP,80,VIVIAN MENDES DA SILVA,VIVIAN MENDES,UP
70718,SANTOS,272,3,Governador,250002544912,324,324,2026,SP,80,VIVIAN MENDES DA SILVA,VIVIAN MENDES,UP
70718,SANTOS,273,3,Governador,250002544912,346,346,2026,SP,80,VIVIAN MENDES DA SILVA,VIVIAN MENDES,UP
71218,SÃO VICENTE,177,3,Governador,250002544912,254,254,2026,SP,80,VIVIAN MENDES DA SILVA,VIVIAN MENDES,UP
71218,SÃO VICENTE,340,3,Governador,250002544912,332,332,2026,SP,80,VIVIAN MENDES DA SILVA,VIVIAN MENDES,UP
61280,BERTIOGA,272,1,Presidente,280002538811,47,0,2026,SP,80,SAMARA MARTINS DA SILVA FEITOSA,SAMARA,UP
63711,CUBATÃO,119,1,Presidente,280002538811,106,0,2026,SP,80,SAMARA MARTINS DA SILVA FEITOSA,SAMARA,UP
64750,GUARUJÁ,212,1,Presidente,280002538811,142,0,2026,SP,80,SAMARA MARTINS DA SILVA FEITOSA,SAMARA,UP
64750,GUARUJÁ,310,1,Presidente,280002538811,167,0,2026,SP,80,SAMARA MARTINS DA SILVA FEITOSA,SAMARA,UP
65439,ITANHAÉM,189,1,Presidente,280002538811,106,0,2026,SP,80,SAMARA MARTINS DA SILVA FEITOSA,SAMARA,UP
67237,MONGAGUÁ,189,1,Presidente,280002538811,66,0,2026,SP,80,SAMARA MARTINS DA SILVA FEITOSA,SAMARA,UP
68535,PERUÍBE,295,1,Presidente,280002538811,84,0,2026,SP,80,SAMARA MARTINS DA SILVA FEITOSA,SAMARA,UP
69213,PRAIA GRANDE,317,1,Presidente,280002538811,158,0,2026,SP,80,SAMARA MARTINS DA SILVA FEITOSA,SAMARA,UP
69213,PRAIA GRANDE,406,1,Presidente,280002538811,202,0,2026,SP,80,SAMARA MARTINS DA SILVA FEITOSA,SAMARA,UP
70718,SANTOS,118,1,Presidente,280002538811,193,0,2026,SP,80,SAMARA MARTINS DA SILVA FEITOSA,SAMARA,UP
70718,SANTOS,272,1,Presidente,280002538811,193,0,2026,SP,80,SAMARA MARTINS DA SILVA FEITOSA,SAMARA,UP
70718,SANTOS,273,1,Presidente,280002538811,180,0,2026,SP,80,SAMARA MARTINS DA SILVA FEITOSA,SAMARA,UP
71218,SÃO VICENTE,177,1,Presidente,280002538811,145,0,2026,SP,80,SAMARA MARTINS DA SILVA FEITOSA,SAMARA,UP
71218,SÃO VICENTE,340,1,Presidente,280002538811,213,0,2026,SP,80,SAMARA MARTINS DA SILVA FEITOSA,SAMARA,UP
61280,BERTIOGA,272,5,Senador,250002544514,54,54,2026,SP,800,MARCIO ALVES DOS SANTOS,MARCIO ALVES,UP
63711,CUBATÃO,119,5,Senador,250002544514,106,106,2026,SP,800,MARCIO ALVES DOS SANTOS,MARCIO ALVES,UP
64750,GUARUJÁ,212,5,Senador,250002544514,114,114,2026,SP,800,MARCIO ALVES DOS SANTOS,MARCIO ALVES,UP
64750,GUARUJÁ,310,5,Senador,250002544514,108,108,2026,SP,800,MARCIO ALVES DOS SANTOS,MARCIO ALVES,UP
65439,ITANHAÉM,189,5,Senador,250002544514,75,75,2026,SP,800,MARCIO ALVES DOS SANTOS,MARCIO ALVES,UP
67237,MONGAGUÁ,189,5,Senador,250002544514,58,58,2026,SP,800,MARCIO ALVES DOS SANTOS,MARCIO ALVES,UP
68535,PERUÍBE,295,5,Senador,250002544514,55,55,2026,SP,800,MARCIO ALVES DOS SANTOS,MARCIO ALVES,UP
69213,PRAIA GRANDE,317,5,Senador,250002544514,159,159,2026,SP,800,MARCIO ALVES DOS SANTOS,MARCIO ALVES,UP
69213,PRAIA GRANDE,406,5,Senador,250002544514,178,178,2026,SP,800,MARCIO ALVES DOS SANTOS,MARCIO ALVES,UP
70718,SANTOS,118,5,Senador,250002544514,176,176,2026,SP,800,MARCIO ALVES DOS SANTOS,MARCIO ALVES,UP
70718,SANTOS,272,5,Senador,250002544514,161,161,2026,SP,800,MARCIO ALVES DOS SANTOS,MARCIO ALVES,UP
70718,SANTOS,273,5,Senador,250002544514,140,140,2026,SP,800,MARCIO ALVES DOS SANTOS,MARCIO ALVES,UP
71218,SÃO VICENTE,177,5,Senador,250002544514,124,124,2026,SP,800,MARCIO ALVES DOS SANTOS,MARCIO ALVES,UP
71218,SÃO VICENTE,340,5,Senador,250002544514,183,183,2026,SP,800,MARCIO ALVES DOS SANTOS,MARCIO ALVES,UP
61280,BERTIOGA,272,5,Senador,250002544516,122,122,2026,SP,808,MAÍRA DIAS DE SOUZA,MAÍRA DE SOUZA,UP
63711,CUBATÃO,119,5,Senador,250002544516,228,228,2026,SP,808,MAÍRA DIAS DE SOUZA,MAÍRA DE SOUZA,UP
64750,GUARUJÁ,212,5,Senador,250002544516,249,249,2026,SP,808,MAÍRA DIAS DE SOUZA,MAÍRA DE SOUZA,UP
64750,GUARUJÁ,310,5,Senador,250002544516,228,228,2026,SP,808,MAÍRA DIAS DE SOUZA,MAÍRA DE SOUZA,UP
65439,ITANHAÉM,189,5,Senador,250002544516,225,225,2026,SP,808,MAÍRA DIAS DE SOUZA,MAÍRA DE SOUZA,UP
67237,MONGAGUÁ,189,5,Senador,250002544516,110,110,2026,SP,808,MAÍRA DIAS DE SOUZA,MAÍRA DE SOUZA,UP
68535,PERUÍBE,295,5,Senador,250002544516,129,129,2026,SP,808,MAÍRA DIAS DE SOUZA,MAÍRA DE SOUZA,UP
69213,PRAIA GRANDE,317,5,Senador,250002544516,423,423,2026,SP,808,MAÍRA DIAS DE SOUZA,MAÍRA DE SOUZA,UP
69213,PRAIA GRANDE,406,5,Senador,250002544516,472,472,2026,SP,808,MAÍRA DIAS DE SOUZA,MAÍRA DE SOUZA,UP
70718,SANTOS,118,5,Senador,250002544516,428,428,2026,SP,808,MAÍRA DIAS DE SOUZA,MAÍRA DE SOUZA,UP
70718,SANTOS,272,5,Senador,250002544516,417,417,2026,SP,808,MAÍRA DIAS DE SOUZA,MAÍRA DE SOUZA,UP
70718,SANTOS,273,5,Senador,250002544516,478,478,2026,SP,808,MAÍRA DIAS DE SOUZA,MAÍRA DE SOUZA,UP
71218,SÃO VICENTE,177,5,Senador,250002544516,353,353,2026,SP,808,MAÍRA DIAS DE SOUZA,MAÍRA DE SOUZA,UP
71218,SÃO VICENTE,340,5,Senador,250002544516,381,381,2026,SP,808,MAÍRA DIAS DE SOUZA,MAÍRA DE SOUZA,UP
