municipality_id,municipality,state,office,candidate_id,candidate_number,candidate_name_result,ballot_name_result,party,candidate_votes,valid_votes,total_votes,blank_votes,null_votes,source_generated_at,totalized_at,candidate_name_registered,ballot_name_registered,party_name,percent_valid_votes,municipality_share_of_baixada_candidate_votes,municipality_rank_absolute,municipality_rank_proportional
61280,BERTIOGA,SP,DEPUTADO ESTADUAL,250002536889,80000,JULIA CRISTINA RODRIGUES DA SILVA,JULIA CACHOS,UP,9,35488,38879,1877,904,05/10/2026 11:50:11,04/10/2026 22:58:07,JULIA CRISTINA RODRIGUES DA SILVA,JULIA CACHOS,UNIDADE POPULAR,0.02536068530207394,2.8213166144200628,8,6
63711,CUBATÃO,SP,DEPUTADO ESTADUAL,250002536889,80000,JULIA CRISTINA RODRIGUES DA SILVA,JULIA CACHOS,UP,6,64361,71954,4720,2694,05/10/2026 11:49:27,04/10/2026 22:58:07,JULIA CRISTINA RODRIGUES DA SILVA,JULIA CACHOS,UNIDADE POPULAR,0.00932241574866767,1.8808777429467085,9,9
64750,GUARUJÁ,SP,DEPUTADO ESTADUAL,250002536889,80000,JULIA CRISTINA RODRIGUES DA SILVA,JULIA CACHOS,UP,25,161172,183195,14098,7657,05/10/2026 11:50:24,04/10/2026 22:58:07,JULIA CRISTINA RODRIGUES DA SILVA,JULIA CACHOS,UNIDADE POPULAR,0.015511379147742784,7.836990595611286,4,8
65439,ITANHAÉM,SP,DEPUTADO ESTADUAL,250002536889,80000,JULIA CRISTINA RODRIGUES DA SILVA,JULIA CACHOS,UP,16,54134,61235,4489,2524,05/10/2026 11:49:43,04/10/2026 22:58:07,JULIA CRISTINA RODRIGUES DA SILVA,JULIA CACHOS,UNIDADE POPULAR,0.029556286252632357,5.015673981191222,5,5
67237,MONGAGUÁ,SP,DEPUTADO ESTADUAL,250002536889,80000,JULIA CRISTINA RODRIGUES DA SILVA,JULIA CACHOS,UP,14,31235,34990,2352,1347,05/10/2026 11:49:40,04/10/2026 22:58:07,JULIA CRISTINA RODRIGUES DA SILVA,JULIA CACHOS,UNIDADE POPULAR,0.0448215143268769,4.38871473354232,6,3
68535,PERUÍBE,SP,DEPUTADO ESTADUAL,250002536889,80000,JULIA CRISTINA RODRIGUES DA SILVA,JULIA CACHOS,UP,12,39006,43173,2597,1501,05/10/2026 11:50:26,04/10/2026 22:58:07,JULIA CRISTINA RODRIGUES DA SILVA,JULIA CACHOS,UNIDADE POPULAR,0.030764497769573913,3.761755485893417,7,4
69213,PRAIA GRANDE,SP,DEPUTADO ESTADUAL,250002536889,80000,JULIA CRISTINA RODRIGUES DA SILVA,JULIA CACHOS,UP,95,172287,192871,12898,7399,05/10/2026 11:50:31,04/10/2026 22:58:07,JULIA CRISTINA RODRIGUES DA SILVA,JULIA CACHOS,UNIDADE POPULAR,0.05514055036073528,29.780564263322884,2,1
70718,SANTOS,SP,DEPUTADO ESTADUAL,250002536889,80000,JULIA CRISTINA RODRIGUES DA SILVA,JULIA CACHOS,UP,108,240953,263310,12317,9236,05/10/2026 11:49:58,04/10/2026 22:58:07,JULIA CRISTINA RODRIGUES DA SILVA,JULIA CACHOS,UNIDADE POPULAR,0.044822019231966395,33.85579937304075,1,2
71218,SÃO VICENTE,SP,DEPUTADO ESTADUAL,250002536889,80000,JULIA CRISTINA RODRIGUES DA SILVA,JULIA CACHOS,UP,34,169916,188898,11656,7050,05/10/2026 11:50:33,04/10/2026 22:58:07,JULIA CRISTINA RODRIGUES DA SILVA,JULIA CACHOS,UNIDADE POPULAR,0.02000988723840015,10.658307210031348,3,7
61280,BERTIOGA,SP,DEPUTADO ESTADUAL,250002552506,80123,LUCAS SANTOS DO NASCIMENTO,LUCAS DA FRENTE OPERÁRIA,UP,3,35488,38879,1877,904,05/10/2026 11:50:11,04/10/2026 22:58:07,LUCAS SANTOS DO NASCIMENTO,LUCAS DA FRENTE OPERÁRIA,UNIDADE POPULAR,0.008453561767357981,2.479338842975207,6,5
63711,CUBATÃO,SP,DEPUTADO ESTADUAL,250002552506,80123,LUCAS SANTOS DO NASCIMENTO,LUCAS DA FRENTE OPERÁRIA,UP,6,64361,71954,4720,2694,05/10/2026 11:49:27,04/10/2026 22:58:07,LUCAS SANTOS DO NASCIMENTO,LUCAS DA FRENTE OPERÁRIA,UNIDADE POPULAR,0.00932241574866767,4.958677685950414,5,4
64750,GUARUJÁ,SP,DEPUTADO ESTADUAL,250002552506,80123,LUCAS SANTOS DO NASCIMENTO,LUCAS DA FRENTE OPERÁRIA,UP,11,161172,183195,14098,7657,05/10/2026 11:50:24,04/10/2026 22:58:07,LUCAS SANTOS DO NASCIMENTO,LUCAS DA FRENTE OPERÁRIA,UNIDADE POPULAR,0.006825006825006826,9.090909090909092,4,6
65439,ITANHAÉM,SP,DEPUTADO ESTADUAL,250002552506,80123,LUCAS SANTOS DO NASCIMENTO,LUCAS DA FRENTE OPERÁRIA,UP,3,54134,61235,4489,2524,05/10/2026 11:49:43,04/10/2026 22:58:07,LUCAS SANTOS DO NASCIMENTO,LUCAS DA FRENTE OPERÁRIA,UNIDADE POPULAR,0.005541803672368567,2.479338842975207,6,7
67237,MONGAGUÁ,SP,DEPUTADO ESTADUAL,250002552506,80123,LUCAS SANTOS DO NASCIMENTO,LUCAS DA FRENTE OPERÁRIA,UP,1,31235,34990,2352,1347,05/10/2026 11:49:40,04/10/2026 22:58:07,LUCAS SANTOS DO NASCIMENTO,LUCAS DA FRENTE OPERÁRIA,UNIDADE POPULAR,0.003201536737634064,0.8264462809917356,8,9
68535,PERUÍBE,SP,DEPUTADO ESTADUAL,250002552506,80123,LUCAS SANTOS DO NASCIMENTO,LUCAS DA FRENTE OPERÁRIA,UP,2,39006,43173,2597,1501,05/10/2026 11:50:26,04/10/2026 22:58:07,LUCAS SANTOS DO NASCIMENTO,LUCAS DA FRENTE OPERÁRIA,UNIDADE POPULAR,0.005127416294928986,1.6528925619834711,7,8
69213,PRAIA GRANDE,SP,DEPUTADO ESTADUAL,250002552506,80123,LUCAS SANTOS DO NASCIMENTO,LUCAS DA FRENTE OPERÁRIA,UP,32,172287,192871,12898,7399,05/10/2026 11:50:31,04/10/2026 22:58:07,LUCAS SANTOS DO NASCIMENTO,LUCAS DA FRENTE OPERÁRIA,UNIDADE POPULAR,0.018573659068879256,26.446280991735538,2,2
70718,SANTOS,SP,DEPUTADO ESTADUAL,250002552506,80123,LUCAS SANTOS DO NASCIMENTO,LUCAS DA FRENTE OPERÁRIA,UP,47,240953,263310,12317,9236,05/10/2026 11:49:58,04/10/2026 22:58:07,LUCAS SANTOS DO NASCIMENTO,LUCAS DA FRENTE OPERÁRIA,UNIDADE POPULAR,0.01950587873983723,38.84297520661157,1,1
71218,SÃO VICENTE,SP,DEPUTADO ESTADUAL,250002552506,80123,LUCAS SANTOS DO NASCIMENTO,LUCAS DA FRENTE OPERÁRIA,UP,16,169916,188898,11656,7050,05/10/2026 11:50:33,04/10/2026 22:58:07,LUCAS SANTOS DO NASCIMENTO,LUCAS DA FRENTE OPERÁRIA,UNIDADE POPULAR,0.009416417523953013,13.223140495867769,3,3
61280,BERTIOGA,SP,DEPUTADO FEDERAL,250002547835,8080,DANIELLY MILENA OLIVEIRA DOS SANTOS,DANY OLIVEIRA,UP,5,35794,38879,2062,1000,05/10/2026 11:48:32,04/10/2026 22:58:07,DANIELLY MILENA OLIVEIRA DOS SANTOS,DANY OLIVEIRA,UNIDADE POPULAR,0.01396882159021065,4.672897196261682,6,4
63711,CUBATÃO,SP,DEPUTADO FEDERAL,250002547835,8080,DANIELLY MILENA OLIVEIRA DOS SANTOS,DANY OLIVEIRA,UP,5,65533,71954,3927,2462,05/10/2026 11:48:53,04/10/2026 22:58:07,DANIELLY MILENA OLIVEIRA DOS SANTOS,DANY OLIVEIRA,UNIDADE POPULAR,0.007629743793203424,4.672897196261682,6,6
64750,GUARUJÁ,SP,DEPUTADO FEDERAL,250002547835,8080,DANIELLY MILENA OLIVEIRA DOS SANTOS,DANY OLIVEIRA,UP,10,164024,183195,11991,7099,05/10/2026 11:48:34,04/10/2026 22:58:07,DANIELLY MILENA OLIVEIRA DOS SANTOS,DANY OLIVEIRA,UNIDADE POPULAR,0.00609666878017851,9.345794392523365,4,8
65439,ITANHAÉM,SP,DEPUTADO FEDERAL,250002547835,8080,DANIELLY MILENA OLIVEIRA DOS SANTOS,DANY OLIVEIRA,UP,4,55386,61235,3502,2294,05/10/2026 11:48:56,04/10/2026 22:58:07,DANIELLY MILENA OLIVEIRA DOS SANTOS,DANY OLIVEIRA,UNIDADE POPULAR,0.007222041671180442,3.7383177570093453,7,7
67237,MONGAGUÁ,SP,DEPUTADO FEDERAL,250002547835,8080,DANIELLY MILENA OLIVEIRA DOS SANTOS,DANY OLIVEIRA,UP,6,31654,34990,2056,1247,05/10/2026 11:48:21,04/10/2026 22:58:07,DANIELLY MILENA OLIVEIRA DOS SANTOS,DANY OLIVEIRA,UNIDADE POPULAR,0.018954950401213116,5.607476635514018,5,1
68535,PERUÍBE,SP,DEPUTADO FEDERAL,250002547835,8080,DANIELLY MILENA OLIVEIRA DOS SANTOS,DANY OLIVEIRA,UP,1,39829,43173,2005,1300,05/10/2026 11:49:13,04/10/2026 22:58:07,DANIELLY MILENA OLIVEIRA DOS SANTOS,DANY OLIVEIRA,UNIDADE POPULAR,0.002510733385221823,0.9345794392523363,8,9
69213,PRAIA GRANDE,SP,DEPUTADO FEDERAL,250002547835,8080,DANIELLY MILENA OLIVEIRA DOS SANTOS,DANY OLIVEIRA,UP,25,174567,192871,11247,6939,05/10/2026 11:48:38,04/10/2026 22:58:07,DANIELLY MILENA OLIVEIRA DOS SANTOS,DANY OLIVEIRA,UNIDADE POPULAR,0.014321148899849341,23.364485981308412,2,3
70718,SANTOS,SP,DEPUTADO FEDERAL,250002547835,8080,DANIELLY MILENA OLIVEIRA DOS SANTOS,DANY OLIVEIRA,UP,37,246048,263310,9229,7889,05/10/2026 11:48:12,04/10/2026 22:58:07,DANIELLY MILENA OLIVEIRA DOS SANTOS,DANY OLIVEIRA,UNIDADE POPULAR,0.015037716217973729,34.57943925233645,1,2
71218,SÃO VICENTE,SP,DEPUTADO FEDERAL,250002547835,8080,DANIELLY MILENA OLIVEIRA DOS SANTOS,DANY OLIVEIRA,UP,14,170200,188898,11493,7118,05/10/2026 11:48:54,04/10/2026 22:58:07,DANIELLY MILENA OLIVEIRA DOS SANTOS,DANY OLIVEIRA,UNIDADE POPULAR,0.008225616921269096,13.084112149532709,3,5
61280,BERTIOGA,SP,DEPUTADO FEDERAL,250002547831,8008,KARLA APARECIDA ALBUQUERQUE DOS SANTOS,KARLA ALBUQUERQUE,UP,0,35794,38879,2062,1000,05/10/2026 11:48:32,04/10/2026 22:58:07,KARLA APARECIDA ALBUQUERQUE DOS SANTOS,KARLA ALBUQUERQUE,UNIDADE POPULAR,0.0,0.0,4,7
63711,CUBATÃO,SP,DEPUTADO FEDERAL,250002547831,8008,KARLA APARECIDA ALBUQUERQUE DOS SANTOS,KARLA ALBUQUERQUE,UP,2,65533,71954,3927,2462,05/10/2026 11:48:53,04/10/2026 22:58:07,KARLA APARECIDA ALBUQUERQUE DOS SANTOS,KARLA ALBUQUERQUE,UNIDADE POPULAR,0.0030518975172813697,9.523809523809524,3,4
64750,GUARUJÁ,SP,DEPUTADO FEDERAL,250002547831,8008,KARLA APARECIDA ALBUQUERQUE DOS SANTOS,KARLA ALBUQUERQUE,UP,2,164024,183195,11991,7099,05/10/2026 11:48:34,04/10/2026 22:58:07,KARLA APARECIDA ALBUQUERQUE DOS SANTOS,KARLA ALBUQUERQUE,UNIDADE POPULAR,0.001219333756035702,9.523809523809524,3,5
65439,ITANHAÉM,SP,DEPUTADO FEDERAL,250002547831,8008,KARLA APARECIDA ALBUQUERQUE DOS SANTOS,KARLA ALBUQUERQUE,UP,3,55386,61235,3502,2294,05/10/2026 11:48:56,04/10/2026 22:58:07,KARLA APARECIDA ALBUQUERQUE DOS SANTOS,KARLA ALBUQUERQUE,UNIDADE POPULAR,0.005416531253385331,14.285714285714285,2,2
67237,MONGAGUÁ,SP,DEPUTADO FEDERAL,250002547831,8008,KARLA APARECIDA ALBUQUERQUE DOS SANTOS,KARLA ALBUQUERQUE,UP,2,31654,34990,2056,1247,05/10/2026 11:48:21,04/10/2026 22:58:07,KARLA APARECIDA ALBUQUERQUE DOS SANTOS,KARLA ALBUQUERQUE,UNIDADE POPULAR,0.006318316800404372,9.523809523809524,3,1
68535,PERUÍBE,SP,DEPUTADO FEDERAL,250002547831,8008,KARLA APARECIDA ALBUQUERQUE DOS SANTOS,KARLA ALBUQUERQUE,UP,0,39829,43173,2005,1300,05/10/2026 11:49:13,04/10/2026 22:58:07,KARLA APARECIDA ALBUQUERQUE DOS SANTOS,KARLA ALBUQUERQUE,UNIDADE POPULAR,0.0,0.0,4,7
69213,PRAIA GRANDE,SP,DEPUTADO FEDERAL,250002547831,8008,KARLA APARECIDA ALBUQUERQUE DOS SANTOS,KARLA ALBUQUERQUE,UP,0,174567,192871,11247,6939,05/10/2026 11:48:38,04/10/2026 22:58:07,KARLA APARECIDA ALBUQUERQUE DOS SANTOS,KARLA ALBUQUERQUE,UNIDADE POPULAR,0.0,0.0,4,7
70718,SANTOS,SP,DEPUTADO FEDERAL,250002547831,8008,KARLA APARECIDA ALBUQUERQUE DOS SANTOS,KARLA ALBUQUERQUE,UP,10,246048,263310,9229,7889,05/10/2026 11:48:12,04/10/2026 22:58:07,KARLA APARECIDA ALBUQUERQUE DOS SANTOS,KARLA ALBUQUERQUE,UNIDADE POPULAR,0.004064247626479386,47.61904761904761,1,3
71218,SÃO VICENTE,SP,DEPUTADO FEDERAL,250002547831,8008,KARLA APARECIDA ALBUQUERQUE DOS SANTOS,KARLA ALBUQUERQUE,UP,2,170200,188898,11493,7118,05/10/2026 11:48:54,04/10/2026 22:58:07,KARLA APARECIDA ALBUQUERQUE DOS SANTOS,KARLA ALBUQUERQUE,UNIDADE POPULAR,0.0011750881316098707,9.523809523809524,3,6
61280,BERTIOGA,SP,DEPUTADO FEDERAL,250002547832,8001,MATHEUS MORAIS CANDIDO,MATHEUS MORAIS,UP,0,35794,38879,2062,1000,05/10/2026 11:48:32,04/10/2026 22:58:07,MATHEUS MORAIS CANDIDO,MATHEUS MORAIS,UNIDADE POPULAR,0.0,0.0,2,5
63711,CUBATÃO,SP,DEPUTADO FEDERAL,250002547832,8001,MATHEUS MORAIS CANDIDO,MATHEUS MORAIS,UP,1,65533,71954,3927,2462,05/10/2026 11:48:53,04/10/2026 22:58:07,MATHEUS MORAIS CANDIDO,MATHEUS MORAIS,UNIDADE POPULAR,0.0015259487586406848,25.0,1,1
64750,GUARUJÁ,SP,DEPUTADO FEDERAL,250002547832,8001,MATHEUS MORAIS CANDIDO,MATHEUS MORAIS,UP,0,164024,183195,11991,7099,05/10/2026 11:48:34,04/10/2026 22:58:07,MATHEUS MORAIS CANDIDO,MATHEUS MORAIS,UNIDADE POPULAR,0.0,0.0,2,5
65439,ITANHAÉM,SP,DEPUTADO FEDERAL,250002547832,8001,MATHEUS MORAIS CANDIDO,MATHEUS MORAIS,UP,0,55386,61235,3502,2294,05/10/2026 11:48:56,04/10/2026 22:58:07,MATHEUS MORAIS CANDIDO,MATHEUS MORAIS,UNIDADE POPULAR,0.0,0.0,2,5
67237,MONGAGUÁ,SP,DEPUTADO FEDERAL,250002547832,8001,MATHEUS MORAIS CANDIDO,MATHEUS MORAIS,UP,0,31654,34990,2056,1247,05/10/2026 11:48:21,04/10/2026 22:58:07,MATHEUS MORAIS CANDIDO,MATHEUS MORAIS,UNIDADE POPULAR,0.0,0.0,2,5
68535,PERUÍBE,SP,DEPUTADO FEDERAL,250002547832,8001,MATHEUS MORAIS CANDIDO,MATHEUS MORAIS,UP,0,39829,43173,2005,1300,05/10/2026 11:49:13,04/10/2026 22:58:07,MATHEUS MORAIS CANDIDO,MATHEUS MORAIS,UNIDADE POPULAR,0.0,0.0,2,5
69213,PRAIA GRANDE,SP,DEPUTADO FEDERAL,250002547832,8001,MATHEUS MORAIS CANDIDO,MATHEUS MORAIS,UP,1,174567,192871,11247,6939,05/10/2026 11:48:38,04/10/2026 22:58:07,MATHEUS MORAIS CANDIDO,MATHEUS MORAIS,UNIDADE POPULAR,0.0005728459559939736,25.0,1,3
70718,SANTOS,SP,DEPUTADO FEDERAL,250002547832,8001,MATHEUS MORAIS CANDIDO,MATHEUS MORAIS,UP,1,246048,263310,9229,7889,05/10/2026 11:48:12,04/10/2026 22:58:07,MATHEUS MORAIS CANDIDO,MATHEUS MORAIS,UNIDADE POPULAR,0.0004064247626479386,25.0,1,4
71218,SÃO VICENTE,SP,DEPUTADO FEDERAL,250002547832,8001,MATHEUS MORAIS CANDIDO,MATHEUS MORAIS,UP,1,170200,188898,11493,7118,05/10/2026 11:48:54,04/10/2026 22:58:07,MATHEUS MORAIS CANDIDO,MATHEUS MORAIS,UNIDADE POPULAR,0.0005875440658049354,25.0,1,2
61280,BERTIOGA,SP,DEPUTADO FEDERAL,250002547834,8000,RICARDO SENESE,RICARDO SENESE,UP,1,35794,38879,2062,1000,05/10/2026 11:48:32,04/10/2026 22:58:07,RICARDO SENESE,RICARDO SENESE,UNIDADE POPULAR,0.00279376431804213,1.2195121951219512,8,9
63711,CUBATÃO,SP,DEPUTADO FEDERAL,250002547834,8000,RICARDO SENESE,RICARDO SENESE,UP,2,65533,71954,3927,2462,05/10/2026 11:48:53,04/10/2026 22:58:07,RICARDO SENESE,RICARDO SENESE,UNIDADE POPULAR,0.0030518975172813697,2.4390243902439024,7,8
64750,GUARUJÁ,SP,DEPUTADO FEDERAL,250002547834,8000,RICARDO SENESE,RICARDO SENESE,UP,6,164024,183195,11991,7099,05/10/2026 11:48:34,04/10/2026 22:58:07,RICARDO SENESE,RICARDO SENESE,UNIDADE POPULAR,0.003658001268107106,7.317073170731707,4,7
65439,ITANHAÉM,SP,DEPUTADO FEDERAL,250002547834,8000,RICARDO SENESE,RICARDO SENESE,UP,3,55386,61235,3502,2294,05/10/2026 11:48:56,04/10/2026 22:58:07,RICARDO SENESE,RICARDO SENESE,UNIDADE POPULAR,0.005416531253385331,3.6585365853658534,6,6
67237,MONGAGUÁ,SP,DEPUTADO FEDERAL,250002547834,8000,RICARDO SENESE,RICARDO SENESE,UP,2,31654,34990,2056,1247,05/10/2026 11:48:21,04/10/2026 22:58:07,RICARDO SENESE,RICARDO SENESE,UNIDADE POPULAR,0.006318316800404372,2.4390243902439024,7,5
68535,PERUÍBE,SP,DEPUTADO FEDERAL,250002547834,8000,RICARDO SENESE,RICARDO SENESE,UP,4,39829,43173,2005,1300,05/10/2026 11:49:13,04/10/2026 22:58:07,RICARDO SENESE,RICARDO SENESE,UNIDADE POPULAR,0.010042933540887292,4.878048780487805,5,3
69213,PRAIA GRANDE,SP,DEPUTADO FEDERAL,250002547834,8000,RICARDO SENESE,RICARDO SENESE,UP,17,174567,192871,11247,6939,05/10/2026 11:48:38,04/10/2026 22:58:07,RICARDO SENESE,RICARDO SENESE,UNIDADE POPULAR,0.009738381251897552,20.73170731707317,3,4
70718,SANTOS,SP,DEPUTADO FEDERAL,250002547834,8000,RICARDO SENESE,RICARDO SENESE,UP,28,246048,263310,9229,7889,05/10/2026 11:48:12,04/10/2026 22:58:07,RICARDO SENESE,RICARDO SENESE,UNIDADE POPULAR,0.01137989335414228,34.146341463414636,1,1
71218,SÃO VICENTE,SP,DEPUTADO FEDERAL,250002547834,8000,RICARDO SENESE,RICARDO SENESE,UP,19,170200,188898,11493,7118,05/10/2026 11:48:54,04/10/2026 22:58:07,RICARDO SENESE,RICARDO SENESE,UNIDADE POPULAR,0.011163337250293772,23.170731707317074,2,2
61280,BERTIOGA,SP,DEPUTADO FEDERAL,250002547833,8010,THAIS GASPARINI,THAIS GASPARINI,UP,3,35794,38879,2062,1000,05/10/2026 11:48:32,04/10/2026 22:58:07,THAIS GASPARINI,THAIS GASPARINI,UNIDADE POPULAR,0.00838129295412639,1.639344262295082,7,8
63711,CUBATÃO,SP,DEPUTADO FEDERAL,250002547833,8010,THAIS GASPARINI,THAIS GASPARINI,UP,3,65533,71954,3927,2462,05/10/2026 11:48:53,04/10/2026 22:58:07,THAIS GASPARINI,THAIS GASPARINI,UNIDADE POPULAR,0.004577846275922054,1.639344262295082,7,9
64750,GUARUJÁ,SP,DEPUTADO FEDERAL,250002547833,8010,THAIS GASPARINI,THAIS GASPARINI,UP,15,164024,183195,11991,7099,05/10/2026 11:48:34,04/10/2026 22:58:07,THAIS GASPARINI,THAIS GASPARINI,UNIDADE POPULAR,0.009145003170267766,8.19672131147541,4,7
65439,ITANHAÉM,SP,DEPUTADO FEDERAL,250002547833,8010,THAIS GASPARINI,THAIS GASPARINI,UP,10,55386,61235,3502,2294,05/10/2026 11:48:56,04/10/2026 22:58:07,THAIS GASPARINI,THAIS GASPARINI,UNIDADE POPULAR,0.018055104177951108,5.46448087431694,5,3
67237,MONGAGUÁ,SP,DEPUTADO FEDERAL,250002547833,8010,THAIS GASPARINI,THAIS GASPARINI,UP,4,31654,34990,2056,1247,05/10/2026 11:48:21,04/10/2026 22:58:07,THAIS GASPARINI,THAIS GASPARINI,UNIDADE POPULAR,0.012636633600808744,2.185792349726776,6,5
68535,PERUÍBE,SP,DEPUTADO FEDERAL,250002547833,8010,THAIS GASPARINI,THAIS GASPARINI,UP,4,39829,43173,2005,1300,05/10/2026 11:49:13,04/10/2026 22:58:07,THAIS GASPARINI,THAIS GASPARINI,UNIDADE POPULAR,0.010042933540887292,2.185792349726776,6,6
69213,PRAIA GRANDE,SP,DEPUTADO FEDERAL,250002547833,8010,THAIS GASPARINI,THAIS GASPARINI,UP,57,174567,192871,11247,6939,05/10/2026 11:48:38,04/10/2026 22:58:07,THAIS GASPARINI,THAIS GASPARINI,UNIDADE POPULAR,0.032652219491656496,31.147540983606557,2,1
70718,SANTOS,SP,DEPUTADO FEDERAL,250002547833,8010,THAIS GASPARINI,THAIS GASPARINI,UP,58,246048,263310,9229,7889,05/10/2026 11:48:12,04/10/2026 22:58:07,THAIS GASPARINI,THAIS GASPARINI,UNIDADE POPULAR,0.023572636233580437,31.693989071038253,1,2
71218,SÃO VICENTE,SP,DEPUTADO FEDERAL,250002547833,8010,THAIS GASPARINI,THAIS GASPARINI,UP,29,170200,188898,11493,7118,05/10/2026 11:48:54,04/10/2026 22:58:07,THAIS GASPARINI,THAIS GASPARINI,UNIDADE POPULAR,0.017038777908343128,15.846994535519126,3,4
61280,BERTIOGA,SP,GOVERNADOR,250002544912,80,VIVIAN MENDES DA SILVA,VIVIAN MENDES,UP,102,34615,38879,1868,2361,05/10/2026 11:44:50,04/10/2026 22:56:59,VIVIAN MENDES DA SILVA,VIVIAN MENDES,UNIDADE POPULAR,0.2946699407771198,2.853945159485171,9,9
63711,CUBATÃO,SP,GOVERNADOR,250002544912,80,VIVIAN MENDES DA SILVA,VIVIAN MENDES,UP,217,63672,71954,3719,4507,05/10/2026 11:44:49,04/10/2026 22:56:59,VIVIAN MENDES DA SILVA,VIVIAN MENDES,UNIDADE POPULAR,0.34080914687774844,6.071628427532176,5,8
64750,GUARUJÁ,SP,GOVERNADOR,250002544912,80,VIVIAN MENDES DA SILVA,VIVIAN MENDES,UP,548,157864,183195,11896,13292,05/10/2026 11:44:49,04/10/2026 22:56:59,VIVIAN MENDES DA SILVA,VIVIAN MENDES,UNIDADE POPULAR,0.34713424213246846,15.332960268606602,4,6
65439,ITANHAÉM,SP,GOVERNADOR,250002544912,80,VIVIAN MENDES DA SILVA,VIVIAN MENDES,UP,185,53577,61235,3212,4378,05/10/2026 11:44:48,04/10/2026 22:56:59,VIVIAN MENDES DA SILVA,VIVIAN MENDES,UNIDADE POPULAR,0.3452974224014036,5.176273083379966,6,7
67237,MONGAGUÁ,SP,GOVERNADOR,250002544912,80,VIVIAN MENDES DA SILVA,VIVIAN MENDES,UP,126,30672,34990,1852,2435,05/10/2026 11:44:49,04/10/2026 22:56:59,VIVIAN MENDES DA SILVA,VIVIAN MENDES,UNIDADE POPULAR,0.41079812206572774,3.5254616675993287,8,2
68535,PERUÍBE,SP,GOVERNADOR,250002544912,80,VIVIAN MENDES DA SILVA,VIVIAN MENDES,UP,142,38425,43173,1949,2772,05/10/2026 11:44:47,04/10/2026 22:56:59,VIVIAN MENDES DA SILVA,VIVIAN MENDES,UNIDADE POPULAR,0.36955107351984384,3.9731393396754333,7,4
69213,PRAIA GRANDE,SP,GOVERNADOR,250002544912,80,VIVIAN MENDES DA SILVA,VIVIAN MENDES,UP,637,169699,192871,10398,12626,05/10/2026 11:44:47,04/10/2026 22:56:59,VIVIAN MENDES DA SILVA,VIVIAN MENDES,UNIDADE POPULAR,0.3753705089599821,17.82316731952994,2,3
70718,SANTOS,SP,GOVERNADOR,250002544912,80,VIVIAN MENDES DA SILVA,VIVIAN MENDES,UP,1031,240438,263310,9297,13327,05/10/2026 11:44:50,04/10/2026 22:56:59,VIVIAN MENDES DA SILVA,VIVIAN MENDES,UNIDADE POPULAR,0.428800771924571,28.847229994404028,1,1
71218,SÃO VICENTE,SP,GOVERNADOR,250002544912,80,VIVIAN MENDES DA SILVA,VIVIAN MENDES,UP,586,164954,188898,11114,12654,05/10/2026 11:44:50,04/10/2026 22:56:59,VIVIAN MENDES DA SILVA,VIVIAN MENDES,UNIDADE POPULAR,0.3552505547000982,16.396194739787354,3,5
61280,BERTIOGA,SP,PRESIDENTE,280002538811,80,SAMARA MARTINS DA SILVA FEITOSA,SAMARA,UP,47,37201,38880,716,963,05/10/2026 12:52:34,05/10/2026 12:51:05,SAMARA MARTINS DA SILVA FEITOSA,SAMARA,UNIDADE POPULAR,0.12634068976640414,2.3476523476523474,8,9
63711,CUBATÃO,SP,PRESIDENTE,280002538811,80,SAMARA MARTINS DA SILVA FEITOSA,SAMARA,UP,106,68407,71956,1493,2054,05/10/2026 12:52:36,05/10/2026 12:51:05,SAMARA MARTINS DA SILVA FEITOSA,SAMARA,UNIDADE POPULAR,0.15495490227608286,5.294705294705294,5,8
64750,GUARUJÁ,SP,PRESIDENTE,280002538811,80,SAMARA MARTINS DA SILVA FEITOSA,SAMARA,UP,309,172442,183440,5001,5981,05/10/2026 12:52:47,05/10/2026 12:51:05,SAMARA MARTINS DA SILVA FEITOSA,SAMARA,UNIDADE POPULAR,0.17919068440403152,15.434565434565434,4,7
65439,ITANHAÉM,SP,PRESIDENTE,280002538811,80,SAMARA MARTINS DA SILVA FEITOSA,SAMARA,UP,106,57629,61240,1498,2107,05/10/2026 12:52:46,05/10/2026 12:51:05,SAMARA MARTINS DA SILVA FEITOSA,SAMARA,UNIDADE POPULAR,0.18393517152822364,5.294705294705294,5,6
67237,MONGAGUÁ,SP,PRESIDENTE,280002538811,80,SAMARA MARTINS DA SILVA FEITOSA,SAMARA,UP,66,32905,34990,863,1220,05/10/2026 12:52:46,05/10/2026 12:51:05,SAMARA MARTINS DA SILVA FEITOSA,SAMARA,UNIDADE POPULAR,0.20057741984500838,3.296703296703297,7,4
68535,PERUÍBE,SP,PRESIDENTE,280002538811,80,SAMARA MARTINS DA SILVA FEITOSA,SAMARA,UP,84,40994,43174,899,1279,05/10/2026 12:52:36,05/10/2026 12:51:05,SAMARA MARTINS DA SILVA FEITOSA,SAMARA,UNIDADE POPULAR,0.20490803532224228,4.195804195804196,6,2
69213,PRAIA GRANDE,SP,PRESIDENTE,280002538811,80,SAMARA MARTINS DA SILVA FEITOSA,SAMARA,UP,360,182720,193212,4639,5841,05/10/2026 12:52:34,05/10/2026 12:51:05,SAMARA MARTINS DA SILVA FEITOSA,SAMARA,UNIDADE POPULAR,0.19702276707530647,17.982017982017982,2,5
70718,SANTOS,SP,PRESIDENTE,280002538811,80,SAMARA MARTINS DA SILVA FEITOSA,SAMARA,UP,566,252290,263935,4535,7102,05/10/2026 12:52:33,05/10/2026 12:51:05,SAMARA MARTINS DA SILVA FEITOSA,SAMARA,UNIDADE POPULAR,0.22434499980181535,28.271728271728268,1,1
71218,SÃO VICENTE,SP,PRESIDENTE,280002538811,80,SAMARA MARTINS DA SILVA FEITOSA,SAMARA,UP,358,177992,189005,5041,5964,05/10/2026 12:52:36,05/10/2026 12:51:05,SAMARA MARTINS DA SILVA FEITOSA,SAMARA,UNIDADE POPULAR,0.2011326351746146,17.882117882117882,3,3
61280,BERTIOGA,SP,SENADOR,250002544514,800,MARCIO ALVES DOS SANTOS,MARCIO ALVES,UP,54,65749,77758,5977,5834,05/10/2026 11:44:54,04/10/2026 22:56:59,MARCIO ALVES DOS SANTOS,MARCIO ALVES,UNIDADE POPULAR,0.08213052670002585,3.1933767001774096,9,6
63711,CUBATÃO,SP,SENADOR,250002544514,800,MARCIO ALVES DOS SANTOS,MARCIO ALVES,UP,106,119375,143908,11585,12660,05/10/2026 11:44:52,04/10/2026 22:56:59,MARCIO ALVES DOS SANTOS,MARCIO ALVES,UNIDADE POPULAR,0.08879581151832461,6.268480189237138,5,5
64750,GUARUJÁ,SP,SENADOR,250002544514,800,MARCIO ALVES DOS SANTOS,MARCIO ALVES,UP,222,296683,366390,35956,32953,05/10/2026 11:44:52,04/10/2026 22:56:59,MARCIO ALVES DOS SANTOS,MARCIO ALVES,UNIDADE POPULAR,0.07482734096662094,13.128326434062684,4,8
65439,ITANHAÉM,SP,SENADOR,250002544514,800,MARCIO ALVES DOS SANTOS,MARCIO ALVES,UP,75,100555,122470,10044,11543,05/10/2026 11:44:49,04/10/2026 22:56:59,MARCIO ALVES DOS SANTOS,MARCIO ALVES,UNIDADE POPULAR,0.07458604743672617,4.4352454169130695,6,9
67237,MONGAGUÁ,SP,SENADOR,250002544514,800,MARCIO ALVES DOS SANTOS,MARCIO ALVES,UP,58,57214,69980,5815,6771,05/10/2026 11:44:52,04/10/2026 22:56:59,MARCIO ALVES DOS SANTOS,MARCIO ALVES,UNIDADE POPULAR,0.10137378963190828,3.4299231224127738,7,3
68535,PERUÍBE,SP,SENADOR,250002544514,800,MARCIO ALVES DOS SANTOS,MARCIO ALVES,UP,55,72616,86346,6224,7315,05/10/2026 11:44:52,04/10/2026 22:56:59,MARCIO ALVES DOS SANTOS,MARCIO ALVES,UNIDADE POPULAR,0.07574088355183431,3.252513305736251,8,7
69213,PRAIA GRANDE,SP,SENADOR,250002544514,800,MARCIO ALVES DOS SANTOS,MARCIO ALVES,UP,337,322194,385742,30934,31664,05/10/2026 11:44:52,04/10/2026 22:56:59,MARCIO ALVES DOS SANTOS,MARCIO ALVES,UNIDADE POPULAR,0.10459536800809449,19.92903607332939,2,1
70718,SANTOS,SP,SENADOR,250002544514,800,MARCIO ALVES DOS SANTOS,MARCIO ALVES,UP,477,463209,526620,28454,33728,05/10/2026 11:44:53,04/10/2026 22:56:59,MARCIO ALVES DOS SANTOS,MARCIO ALVES,UNIDADE POPULAR,0.10297727375763424,28.208160851567122,1,2
71218,SÃO VICENTE,SP,SENADOR,250002544514,800,MARCIO ALVES DOS SANTOS,MARCIO ALVES,UP,307,311606,377796,33763,31602,05/10/2026 11:44:51,04/10/2026 22:56:59,MARCIO ALVES DOS SANTOS,MARCIO ALVES,UNIDADE POPULAR,0.09852185131223404,18.154937906564165,3,4
61280,BERTIOGA,SP,SENADOR,250002544516,808,MAÍRA DIAS DE SOUZA,MAÍRA DE SOUZA,UP,122,65749,77758,5977,5834,05/10/2026 11:44:54,04/10/2026 22:56:59,MAÍRA DIAS DE SOUZA,MAÍRA DE SOUZA,UNIDADE POPULAR,0.18555415291487323,2.8753240631628563,8,7
63711,CUBATÃO,SP,SENADOR,250002544516,808,MAÍRA DIAS DE SOUZA,MAÍRA DE SOUZA,UP,228,119375,143908,11585,12660,05/10/2026 11:44:52,04/10/2026 22:56:59,MAÍRA DIAS DE SOUZA,MAÍRA DE SOUZA,UNIDADE POPULAR,0.19099476439790575,5.3735564459109115,5,6
64750,GUARUJÁ,SP,SENADOR,250002544516,808,MAÍRA DIAS DE SOUZA,MAÍRA DE SOUZA,UP,477,296683,366390,35956,32953,05/10/2026 11:44:52,04/10/2026 22:56:59,MAÍRA DIAS DE SOUZA,MAÍRA DE SOUZA,UNIDADE POPULAR,0.16077766504990176,11.242045722366251,4,9
65439,ITANHAÉM,SP,SENADOR,250002544516,808,MAÍRA DIAS DE SOUZA,MAÍRA DE SOUZA,UP,225,100555,122470,10044,11543,05/10/2026 11:44:49,04/10/2026 22:56:59,MAÍRA DIAS DE SOUZA,MAÍRA DE SOUZA,UNIDADE POPULAR,0.22375814231017851,5.302851755833137,6,4
67237,MONGAGUÁ,SP,SENADOR,250002544516,808,MAÍRA DIAS DE SOUZA,MAÍRA DE SOUZA,UP,110,57214,69980,5815,6771,05/10/2026 11:44:52,04/10/2026 22:56:59,MAÍRA DIAS DE SOUZA,MAÍRA DE SOUZA,UNIDADE POPULAR,0.19226063550879155,2.592505302851756,9,5
68535,PERUÍBE,SP,SENADOR,250002544516,808,MAÍRA DIAS DE SOUZA,MAÍRA DE SOUZA,UP,129,72616,86346,6224,7315,05/10/2026 11:44:52,04/10/2026 22:56:59,MAÍRA DIAS DE SOUZA,MAÍRA DE SOUZA,UNIDADE POPULAR,0.1776467996033932,3.0403016733443318,7,8
69213,PRAIA GRANDE,SP,SENADOR,250002544516,808,MAÍRA DIAS DE SOUZA,MAÍRA DE SOUZA,UP,895,322194,385742,30934,31664,05/10/2026 11:44:52,04/10/2026 22:56:59,MAÍRA DIAS DE SOUZA,MAÍRA DE SOUZA,UNIDADE POPULAR,0.2777829506446427,21.09356587320292,2,2
70718,SANTOS,SP,SENADOR,250002544516,808,MAÍRA DIAS DE SOUZA,MAÍRA DE SOUZA,UP,1323,463209,526620,28454,33728,05/10/2026 11:44:53,04/10/2026 22:56:59,MAÍRA DIAS DE SOUZA,MAÍRA DE SOUZA,UNIDADE POPULAR,0.28561621212023086,31.180768324298846,1,1
71218,SÃO VICENTE,SP,SENADOR,250002544516,808,MAÍRA DIAS DE SOUZA,MAÍRA DE SOUZA,UP,734,311606,377796,33763,31602,05/10/2026 11:44:51,04/10/2026 22:56:59,MAÍRA DIAS DE SOUZA,MAÍRA DE SOUZA,UNIDADE POPULAR,0.2355538725185009,17.29908083902899,3,3
